algorithm,train_mse,test_mse,nnz,iterations,runtime
Subgradient,0.47632615924247623,0.47453950553964286,10,500,0.008742400001210626
ISTA,0.4727152547387775,0.47554498216862673,10,500,0.008798399998340756
FISTA,0.47210897053502376,0.4766761444329591,10,500,0.009916899998643203
ADMM,0.47211424602440283,0.47664169236877774,10,11,0.0003054000007978175
