algorithm,train_mse,test_mse,nnz,iterations,runtime
Subgradient,0.652123122025759,0.5992221453221982,11,500,0.011849899998196634
ISTA,0.6520075504860962,0.5995330712493848,11,373,0.008937999999034218
FISTA,0.6520075689243464,0.5995354146764698,11,213,0.005981700000120327
ADMM,0.6520075555830789,0.5995337586380686,11,12,0.0005177999992156401
