algorithm,final_objective,recovery_error,nnz,iterations,runtime,support_ok,primal_res,dual_res
Subgradient,0.5626384668697574,0.4249329063547063,200,500,0.00992969999788329,False,,
ISTA,0.5549977289627483,0.3895035909053641,17,176,0.00399939999988419,False,,
FISTA,0.554997728938143,0.3895074354444918,17,168,0.004039900002680952,False,,
ADMM,0.5549977289135823,0.38950431024762083,17,59,0.019613700002082624,False,8.558263692232162e-07,7.197724934505254e-08
