algorithm,train_mse,test_mse,nnz,iterations,runtime
Subgradient,0.33155097736826905,0.3096590946474577,100,500,0.036975700000766665
ISTA,0.30763668760733387,0.3133800740409207,100,500,0.034546899998531444
FISTA,0.2993227851877232,0.3118680472458068,100,500,0.03144789999714703
ADMM,0.2992614705916423,0.31131773297556,99,86,0.007564200001070276
