algorithm,recovery_error_mean,recovery_error_std,nnz_mean,nnz_std,iter_mean,iter_std
ADMM,0.9345551790716484,0.1426152469766876,21.4,3.7815340802378072,81.8,3.1144823004794877
FISTA,0.9345688623999908,0.14262493472595136,21.4,3.7815340802378072,215.0,35.61600763701625
ISTA,0.9345646672940162,0.14261910207465356,21.4,3.7815340802378072,229.6,48.459261240757684
Subgradient,1.1209041948927827,0.20096027119430837,499.2,0.8366600265340814,800.0,0.0
