algorithm,recovery_error,nnz,final_objective
Subgradient,0.4249329063547063,200,0.5626384668697574
ISTA,0.3895035909053641,17,0.5549977289627483
FISTA,0.3895074354444918,17,0.554997728938143
ADMM,0.38950431024762083,17,0.5549977289135823
sklearn_Lasso,0.38950436941459865,17,0.5549977289135041
